INSERT INTO EDATASOURCECONFIG (DIALECT, DRIVER_CLASS_NAME, INITIALIZE, NAME, PASSWORD, URL, USERNAME) VALUES ('org.hibernate.dialect.H2Dialect', 'org.h2.Driver', TRUE, 'jdbc:h2:mem:tenant1', 'tenant1', 'sa', '');
INSERT INTO EDATASOURCECONFIG (DIALECT, DRIVER_CLASS_NAME, INITIALIZE, NAME, PASSWORD, URL, USERNAME) VALUES ('org.hibernate.dialect.H2Dialect', 'org.h2.Driver', TRUE, 'jdbc:h2:mem:tenant2', 'tenant2', 'sa', '');
INSERT INTO EDATASOURCECONFIG (DIALECT, DRIVER_CLASS_NAME, INITIALIZE, NAME, PASSWORD, URL, USERNAME) VALUES ('org.hibernate.dialect.H2Dialect', 'org.h2.Driver', TRUE, 'jdbc:h2:mem:tenant3', 'tenant3', 'sa', '');

INSERT INTO ECOMPANY (NAME, REGISTRATION, TENANT) VALUES ('Company 1', 'Company 1 SA', 'tenant1');

INSERT INTO EORGANIZATION (NAME, COMPANY_ID) VALUES ('Organization 1', 1);

INSERT INTO EPRIVILEGE (ID, NAME) VALUES ('READ_ALL', 'Permit query any data.');
INSERT INTO EPRIVILEGE (ID, NAME) VALUES ('WRITE_ALL', 'Permit insert/update data.');
INSERT INTO EPRIVILEGE (ID, NAME) VALUES ('DELETE_ALL', 'Permit delete data.');

INSERT INTO EROLE (ID, NAME, ORGANIZATION_ID) VALUES ('ROLE_ADMIN', 'Administrator', 1);
INSERT INTO EROLEPRIVILEGES (ROLE_ID, PRIVILEGE_ID) VALUES ('ROLE_ADMIN', 'READ_ALL');
INSERT INTO EROLEPRIVILEGES (ROLE_ID, PRIVILEGE_ID) VALUES ('ROLE_ADMIN', 'WRITE_ALL');
INSERT INTO EROLEPRIVILEGES (ROLE_ID, PRIVILEGE_ID) VALUES ('ROLE_ADMIN', 'DELETE_ALL');

INSERT INTO EROLE (ID, NAME, ORGANIZATION_ID) VALUES ('ROLE_MANAG', 'Manager', 1);
INSERT INTO EROLEPRIVILEGES (ROLE_ID, PRIVILEGE_ID) VALUES ('ROLE_MANAG', 'READ_ALL');
INSERT INTO EROLEPRIVILEGES (ROLE_ID, PRIVILEGE_ID) VALUES ('ROLE_MANAG', 'WRITE_ALL');

INSERT INTO EROLE (ID, NAME, ORGANIZATION_ID) VALUES ('ROLE_USER', 'User', 1);
INSERT INTO EROLEPRIVILEGES (ROLE_ID, PRIVILEGE_ID) VALUES ('ROLE_USER', 'READ_ALL');

INSERT INTO EMODULE (NAME) VALUES ('Portal');

INSERT INTO EMODULEROLES (MODULE_ID, ROLE_ID) VALUES (1, 'ROLE_ADMIN');

INSERT INTO EORGANIZATIONMODULES (ORGANIZATION_ID, MODULE_ID) VALUES (1, 1);

INSERT INTO EPERSON (DOCUMENT, EMAIL, NAME) VALUES ('12709297205', 'user@mapinfo.com', 'User Test');

INSERT INTO EUSER (PASSWORD, USERNAME, PERSON_ID, ENABLED, CREDENTIALSNONEXPIRED, ACCOUNTNONLOCKED, ACCOUNTNONEXPIRED) VALUES ('$2a$10$yQXOhFPCGmf3jDJViTJQ0eZIqD3gFgdjDjGnYKwhSq2LfQGVX2WYC', 'usertest', 1, TRUE, TRUE, TRUE, TRUE);

INSERT INTO EUSERROLES (USER_ID, MODULE_ID, ROLE_ID) VALUES (1, 1, 'ROLE_ADMIN');

INSERT INTO EORGANIZATIONUSERS(ORGANIZATION_ID, USER_ID) VALUES (1, 1);